{
    "name": "quat_ds result",
    "K": 4,
    "M": 4,
    "Priors": [
        0.2689434364994664,
        0.19743863393810032,
        0.23799359658484526,
        0.29562433297758806
    ],
    "Mu": [
        -0.6912914989251685,
        -0.721150954301573,
        0.04486844012838783,
        -0.006647383257324466,
        -0.7361524134476358,
        -0.6376641909005765,
        0.11453800264738312,
        -0.19581892086282765,
        -0.6905554028180781,
        -0.49864658149819574,
        0.37997174172921067,
        -0.36070250607140975,
        -0.5183427054470834,
        -0.48714854041540145,
        0.5585767079966769,
        -0.4266136432001883
    ],
    "Sigma": [
        0.00037495427524419174,
        -0.0003377226118723809,
        0.0002658497890964307,
        0.0004795061590569828,
        -0.0003377226118723809,
        0.0003242617537167585,
        -0.00021743022058092498,
        -0.0004394432714804282,
        0.0002658497890964307,
        -0.00021743022058092498,
        0.0007387493504945707,
        0.0008602119439240585,
        0.0004795061590569828,
        -0.0004394432714804282,
        0.0008602119439240585,
        0.003623868845064037,
        0.0008993598603902353,
        -0.0010026026067816057,
        0.0003223420532150642,
        0.00010999849885842381,
        -0.0010026026067816057,
        0.0019776560544358585,
        0.001711702164643391,
        -0.0016371274478139163,
        0.0003223420532150642,
        0.001711702164643391,
        0.005325732740887499,
        -0.0036765121694536953,
        0.00010999849885842381,
        -0.0016371274478139163,
        -0.0036765121694536953,
        0.002777156135962444,
        0.002789506839046641,
        0.0007031996588500954,
        0.0037035002718435114,
        -0.002392071326257856,
        0.0007031996588500954,
        0.001387858596091495,
        0.0022006014317655304,
        -0.0009328918925263295,
        0.0037035002718435114,
        0.0022006014317655304,
        0.006341925284959651,
        -0.003462248815030658,
        -0.002392071326257856,
        -0.0009328918925263295,
        -0.003462248815030658,
        0.002232009565643098,
        0.0012366036859445119,
        -0.000170512973383076,
        0.0007600569033792705,
        -0.00030047291276733684,
        -0.000170512973383076,
        0.00028057847919000714,
        6.930163234162799e-05,
        -1.105796237656819e-05,
        0.0007600569033792705,
        6.930163234162799e-05,
        0.0006635877593500837,
        -0.00014685709805319034,
        -0.00030047291276733684,
        -1.105796237656819e-05,
        -0.00014685709805319034,
        0.0001954227112363697
    ],
    "A": [
        -0.02645656077116889,
        -0.01928183115299789,
        0.02508855477850946,
        -0.020279928647438165,
        -0.010979817139490691,
        -0.03705709102866787,
        0.013420680125365923,
        -0.03621733203674023,
        0.04376647293421001,
        0.011573117721696152,
        -0.04662141669519013,
        0.0009007567361810262,
        -0.005316719135315652,
        -0.02943497932464925,
        0.019489683752620796,
        -0.029096339822653985,
        -0.025481085030370387,
        -0.01788063251535549,
        0.018625250486445654,
        -0.03145657768300642,
        -0.0278456969064081,
        -0.024745261517407836,
        0.02490158132489059,
        -0.016608080223897172,
        0.021360088773320057,
        0.03177947234109513,
        -0.04318393986102428,
        0.0070158721270349,
        -0.01640319455645429,
        -0.01863268990128338,
        0.017961381033680196,
        -0.031234120935390287,
        -0.03277673816605608,
        -0.004758215565681453,
        0.015013751671862308,
        -0.04320169475057549,
        -0.0242366897636623,
        -0.03690457372161683,
        0.022845563985152393,
        -0.009320748215646055,
        0.01886759806703983,
        0.0326956297244771,
        -0.04445372865943981,
        0.007059612834105174,
        -0.015735260595377016,
        -0.017995117342456003,
        0.022665378740417626,
        -0.026534511224332705,
        -0.04605639743824109,
        -0.0012042660998007415,
        0.015330387560729136,
        -0.032147119398315584,
        -0.019927020689677957,
        -0.03394972393864865,
        0.01524694203991772,
        -0.027472462919831405,
        0.010152434899753822,
        0.037810946075047216,
        -0.051498827246031005,
        0.0015938597673021654,
        -0.017403945938639896,
        -0.018622224564451985,
        0.02180941399100012,
        -0.025085864024229736
    ],
    "att": [
        -0.4828280505854157,
        -0.5008473048653459,
        0.5713932683953254,
        -0.43536052141818543
    ]
}