{
    "name": "quat_ds result",
    "K": 4,
    "M": 4,
    "Priors": [
        0.3035,
        0.1465,
        0.28,
        0.27
    ],
    "Mu": [
        0.7538344856012298,
        -0.0458821359368826,
        -0.018362825705019847,
        0.655203178069464,
        0.8970852492894618,
        -0.06319523998734694,
        -0.0029554204958621095,
        0.43730502242702246,
        0.9752425331237423,
        -0.03243806027735376,
        0.0019439367557222294,
        0.21873727378231367,
        0.9966916718450862,
        0.004571617509051613,
        0.04553160508901087,
        0.06716907417864597
    ],
    "Sigma": [
        0.0031161397809610337,
        -0.0021690740015990915,
        0.0002878388076848703,
        -0.003717551409785607,
        -0.0021690740015990915,
        0.0020554437120967758,
        -1.4792254153296363e-05,
        0.0026384189530106973,
        0.0002878388076848703,
        -1.4792254153296363e-05,
        0.00022918287403003476,
        -0.0003260617621837627,
        -0.003717551409785607,
        0.0026384189530106973,
        -0.0003260617621837627,
        0.004462797901622786,
        0.000543516774885558,
        0.00017587654176991278,
        9.779047796982649e-05,
        -0.0010683766085218037,
        0.00017587654176991278,
        0.000351830915106809,
        0.00044069264922582974,
        -0.00030841569521916694,
        9.779047796982649e-05,
        0.00044069264922582974,
        0.0007005181233462734,
        -0.0001322553897133921,
        -0.0010683766085218037,
        -0.00030841569521916694,
        -0.0001322553897133921,
        0.002156199046188062,
        0.0003959225661243459,
        0.00039796627558591333,
        0.00022828026115110953,
        -0.0016636515717633198,
        0.00039796627558591333,
        0.001230609530530293,
        0.0006102170101060649,
        -0.0015987474398017362,
        0.00022828026115110953,
        0.0006102170101060649,
        0.0003629225943525924,
        -0.0009304332072671794,
        -0.0016636515717633198,
        -0.0015987474398017362,
        -0.0009304332072671794,
        0.007198588315937456,
        1.1470695128091575e-05,
        -1.0371897776585662e-05,
        -1.1250270593846193e-06,
        -2.0354440871045642e-05,
        -1.0371897776585662e-05,
        0.00012158771001706837,
        2.46917567066311e-05,
        0.00012957142252362816,
        -1.1250270593846193e-06,
        2.46917567066311e-05,
        1.9752970456322192e-05,
        8.402012995395907e-06,
        -2.0354440871045642e-05,
        0.00012957142252362816,
        8.402012995395907e-06,
        0.0002975161495948262
    ],
    "A": [
        -0.10580989378394025,
        -0.0017675123688067368,
        0.00028238197687354034,
        -0.005460017267975027,
        -0.0018424716779738798,
        -0.021785038426039665,
        0.039502402245616165,
        -0.0009238939428225983,
        -0.0019254671620576444,
        0.017124016620584444,
        -0.06124659756899664,
        -0.0026809903448022495,
        -0.003692600222694598,
        0.015674406301567773,
        -0.041444954689360214,
        -0.008986041387960664,
        -0.10560521831622441,
        -0.0007269030037686304,
        -0.004042736134143625,
        -0.005576894462917672,
        -0.0010851467686046573,
        -0.051792332379456775,
        0.027953303112623843,
        -0.004381732567644085,
        -0.0038071589825888767,
        0.04541138800235197,
        -0.028647774041616753,
        0.0035174843036149222,
        -0.005759511478792947,
        -0.024567332584268964,
        0.00789120095973433,
        -0.011855736148739577,
        -0.10557119798323858,
        -0.00017722941531302406,
        -0.004936251894967402,
        -0.005462727342463679,
        0.00010658715393261545,
        -0.003544707713315764,
        -0.004968448050971301,
        0.0004552322420623744,
        -0.003307037702414816,
        0.015380255265762982,
        -0.030731461617215232,
        -0.0030328943367230444,
        -0.006770670080878157,
        -0.010886727095411561,
        0.02563366231072587,
        -0.008679778083485117,
        -0.10566210931437994,
        0.0006994095659053004,
        -0.003939497641715838,
        -0.004693031871635319,
        -0.0069742596844275875,
        -0.07607637573733814,
        0.10950599333490946,
        0.03321508127998378,
        -0.0005824814481558461,
        0.012764215101332249,
        -0.09817583994614171,
        0.00357517026393447,
        -0.007254081329185095,
        -0.022863774544953027,
        0.060392959555052625,
        -0.02788543034204011
    ],
    "att": [
        0.9973000128172826,
        0.0009309608154635663,
        0.045870251279106225,
        0.05733879833236516
    ]
}